Lt,Refuel_time,Type,Cycle
8.25,50min,Seed,02
10.066666666666666,50min,Seed,02
15.033333333333333,8min,Seed,02
14.366666666666667,8min,Seed,02
